DELETE FROM HERO;
DELETE FROM SUPERPOWER;
DELETE FROM HERO_SUPERPOWER;

INSERT INTO HERO(ID_HERO, NAME, DESCRIPTION) VALUES (1, 'Paladin', 'Empowered by the Light, these mighty warriors brandish both warhammer and holy fire in battle against all who would trample the meek and innocent.');
INSERT INTO HERO(ID_HERO, NAME, DESCRIPTION) VALUES (2, 'Archmage', 'Weaving their intricate enchantments, these crotchety old wizards are called upon to defend humanity with all the magical powers at their disposal.');
INSERT INTO HERO(ID_HERO, NAME, DESCRIPTION) VALUES (3, 'Mountain King', 'Wielding both enchanted warhammers and hand axes, these fierce fighters live to test themselves against worthy opponents.');
INSERT INTO HERO(ID_HERO, NAME, DESCRIPTION) VALUES (4, 'Blood Mage', 'Calling themselves "Blood Elves" - these refugees seek to expand their magical powers at any cost - even if it means courting the infernal powers of the Burning Legion.');
INSERT INTO HERO(ID_HERO, NAME, DESCRIPTION) VALUES (5, 'Demon Hunter', 'These mysterious warriors ritually blind themselves so that they develop ''spectral sight'' that enables them to see demons and undead with greater clarity.');
INSERT INTO HERO(ID_HERO, NAME, DESCRIPTION) VALUES (6, 'Keeper of the Grove', ' Like their lesser Dryad sisters, the Keepers appear to be half Night Elf, half stag. They have enormous antlers and manes of leaves that flow down their backs.');
INSERT INTO HERO(ID_HERO, NAME, DESCRIPTION) VALUES (7, 'Priestess of the Moon', 'Charged with the safekeeping of the night elf lands and armed with magical energy bows - the Priestesses will stop at nothing to rid their ancient land of evil.');
INSERT INTO HERO(ID_HERO, NAME, DESCRIPTION) VALUES (8, 'Warden', 'Set apart from the militant Sentinels, wardens are usually employed as jailors, assassins, and bounty hunters.');
INSERT INTO HERO(ID_HERO, NAME, DESCRIPTION) VALUES (9, 'Death Knight', 'Death Knights were once virtuous defenders of Humanity.');
INSERT INTO HERO(ID_HERO, NAME, DESCRIPTION) VALUES (10, 'Dread Lord', 'Dread Lords are incredibly powerful demons who wield the powers of darkness and mental domination.');
INSERT INTO HERO(ID_HERO, NAME, DESCRIPTION) VALUES (11, 'Lich', 'These Liches possessed tremendous magical powers, yet their immortal, undead bodies were bound to the iron will of Ner`zhul.');
INSERT INTO HERO(ID_HERO, NAME, DESCRIPTION) VALUES (12, 'Crypt Lord', 'These ancient, evil behemoths were once the mighty kings of the subterranean spider kingdom of Azjol-Nerub.');

INSERT INTO SUPERPOWER(ID_SUPERPOWER, NAME, DESCRIPTION) VALUES(1, 'Holy Light', 'A holy light that can heal a friendly living unit or damage an enemy undead unit.');
INSERT INTO SUPERPOWER(ID_SUPERPOWER, NAME, DESCRIPTION) VALUES(2, 'Devotion Aura', 'Gives additional armor to nearby friendly units.');
INSERT INTO SUPERPOWER(ID_SUPERPOWER, NAME, DESCRIPTION) VALUES(3, 'Divine Shield', 'An impenetrable shield surrounds the Paladin, protecting him from all damage and spells for a set amount of time.');
INSERT INTO SUPERPOWER(ID_SUPERPOWER, NAME, DESCRIPTION) VALUES(4, 'Resurrection (Ultimate)', 'Brings back to life the corpses of 6 friendly nearby units. The spell will choose the most powerful corpses to resurrect if there are more than 6.');
INSERT INTO SUPERPOWER(ID_SUPERPOWER, NAME, DESCRIPTION) VALUES(5, 'Blizzard', 'Calls down waves of freezing ice shards that damage units in a target area.');
INSERT INTO SUPERPOWER(ID_SUPERPOWER, NAME, DESCRIPTION) VALUES(6, 'Summon Water Elemental', 'Summons a Water Elemental to attack the Archmage''s enemies.');
INSERT INTO SUPERPOWER(ID_SUPERPOWER, NAME, DESCRIPTION) VALUES(7, 'Brilliance Aura', 'Gives additional mana regeneration to nearby friendly units.');
INSERT INTO SUPERPOWER(ID_SUPERPOWER, NAME, DESCRIPTION) VALUES(8, 'Mass Teleport (Ultimate)', 'Teleports 24 of the player''s nearby units, including the Archmage, to a friendly ground unit or structure.');
INSERT INTO SUPERPOWER(ID_SUPERPOWER, NAME, DESCRIPTION) VALUES(9, 'Storm Bolt', 'A magical hammer that is thrown at an enemy unit, causing damage and stunning the target.');
INSERT INTO SUPERPOWER(ID_SUPERPOWER, NAME, DESCRIPTION) VALUES(10, 'Thunder Clap', 'Slams the ground, damaging nearby enemy units. Units are also slowed for the duration listed below.');
INSERT INTO SUPERPOWER(ID_SUPERPOWER, NAME, DESCRIPTION) VALUES(11, 'Bash (Passive)', 'Gives a chance that the Mountain King''s attack will do 25 bonus damage and stun his opponent for 2 seconds (1 second for Heroes).');
INSERT INTO SUPERPOWER(ID_SUPERPOWER, NAME, DESCRIPTION) VALUES(12, 'Avatar (Ultimate)', 'Activate Avatar to temporarily give the Mountain King 5 bonus armor, 500 bonus hit points, 20 bonus damage and spell immunity.');
INSERT INTO SUPERPOWER(ID_SUPERPOWER, NAME, DESCRIPTION) VALUES(13, 'Flame Strike', 'Conjures a pillar of fire which damages ground units in a target area over time.');
INSERT INTO SUPERPOWER(ID_SUPERPOWER, NAME, DESCRIPTION) VALUES(14, 'Banish', 'Turns a unit ethereal and slows its movement speed by 50% for 18 seconds (at level 3). Ethereal units cannot attack, but they can cast spells and will take 66% more damage from Magic attacks and spells.');
INSERT INTO SUPERPOWER(ID_SUPERPOWER, NAME, DESCRIPTION) VALUES(15, 'Siphon Mana', 'Transfers mana between the Blood Mage and a target. Drains mana from an enemy, or transfers mana to an ally. Siphon Mana can push the Blood Mage''s mana over its maximum value, though excess mana drains off rapidly if not used.');
INSERT INTO SUPERPOWER(ID_SUPERPOWER, NAME, DESCRIPTION) VALUES(16, 'Phoenix (Ultimate)', 'Summons a powerful Phoenix. The Phoenix burns with such intensity that it damages itself and nearby enemy units. Has Spell Immunity, and Resistant Skin. When a Phoenix dies, it creates an egg that will hatch into a Phoenix.');
INSERT INTO SUPERPOWER(ID_SUPERPOWER, NAME, DESCRIPTION) VALUES(17, 'Mana Burn', 'Sends a bolt of negative energy that burns a target enemy unit''s mana. Burned mana combusts, dealing damage to the target equal to the amount of mana burned.');
INSERT INTO SUPERPOWER(ID_SUPERPOWER, NAME, DESCRIPTION) VALUES(18, 'Immolation', 'Engulfs the Demon Hunter in flames, causing damage to nearby enemy land units. Drains mana until deactivated.');
INSERT INTO SUPERPOWER(ID_SUPERPOWER, NAME, DESCRIPTION) VALUES(19, 'Evasion (Passive)', 'Gives the Demon Hunter a chance to avoid attacks.');
INSERT INTO SUPERPOWER(ID_SUPERPOWER, NAME, DESCRIPTION) VALUES(20, 'Metamorphosis (Ultimate)', 'Transforms the Demon Hunter into a powerful demon with a ranged attack (60 range) and 500 bonus hit points.');
INSERT INTO SUPERPOWER(ID_SUPERPOWER, NAME, DESCRIPTION) VALUES(21, 'Entangling Roots', 'Causes roots to burst from the ground, immobilizing and damaging a target enemy.');
INSERT INTO SUPERPOWER(ID_SUPERPOWER, NAME, DESCRIPTION) VALUES(22, 'Force of Nature', 'Converts an area of trees into Treants. Treants can attack land units.');
INSERT INTO SUPERPOWER(ID_SUPERPOWER, NAME, DESCRIPTION) VALUES(23, 'Thorns Aura', 'An aura that gives friendly units around the Keeper of the Grove a damage shield, which wounds enemy melee attackers.');
INSERT INTO SUPERPOWER(ID_SUPERPOWER, NAME, DESCRIPTION) VALUES(24, 'Tranquility (Ultimate)', 'Causes a rain of healing energy to pour down in a large area, healing friendly allied units for 20 hit points per second.');
INSERT INTO SUPERPOWER(ID_SUPERPOWER, NAME, DESCRIPTION) VALUES(25, 'Scout', 'Temporarily summons an Owl Scout, which can be used to scout the map. Can see invisible units.');
INSERT INTO SUPERPOWER(ID_SUPERPOWER, NAME, DESCRIPTION) VALUES(26, 'Searing Arrows (Autocast)', 'Increases the damage of the Priestess'' attack by adding fire. Searing Arrows will fire until the Priestess is out of mana. Manually casting Searing Arrows will allow the Priestess of the Moon to fire beyond her normal 60 range at level 2.');
INSERT INTO SUPERPOWER(ID_SUPERPOWER, NAME, DESCRIPTION) VALUES(27, 'Trueshot Aura', 'An aura that gives friendly units around the Priestess bonus damage to their ranged attacks.');
INSERT INTO SUPERPOWER(ID_SUPERPOWER, NAME, DESCRIPTION) VALUES(28, 'Starfall (Ultimate)', 'Calls down waves of falling stars that damage nearby enemy units. Each wave deals 50 damage. The time between waves is 1.5 seconds.');
INSERT INTO SUPERPOWER(ID_SUPERPOWER, NAME, DESCRIPTION) VALUES(29, 'Fan of Knives', 'The Warden flings a flurry of knives at multiple enemy targets around her.');
INSERT INTO SUPERPOWER(ID_SUPERPOWER, NAME, DESCRIPTION) VALUES(30, 'Blink', 'Short distance teleportation that allows the Warden to move in and out of combat.');
INSERT INTO SUPERPOWER(ID_SUPERPOWER, NAME, DESCRIPTION) VALUES(31, 'Shadow Strike', 'Hurls a poisoned dagger which deals large initial damage, and then deals damage over time. The poisoned unit has its movement rate slowed for a short duration.');
INSERT INTO SUPERPOWER(ID_SUPERPOWER, NAME, DESCRIPTION) VALUES(32, 'Vengeance (Ultimate)', 'Creates a powerful avatar that summons invulnerable spirits from friendly corpses to attack your enemies. When the Avatar of Vengeance dies, the spirits vanish.');
INSERT INTO SUPERPOWER(ID_SUPERPOWER, NAME, DESCRIPTION) VALUES(33, 'Death Coil', 'A coil of death that can damage an enemy living unit or heal a friendly undead unit.');
INSERT INTO SUPERPOWER(ID_SUPERPOWER, NAME, DESCRIPTION) VALUES(34, 'Death Pact', 'Kills a target friendly unit, giving a percentage of its hit points to the Death Knight.');
INSERT INTO SUPERPOWER(ID_SUPERPOWER, NAME, DESCRIPTION) VALUES(35, 'Unholy Aura', 'Increases the movement speed and life regeneration rate of nearby friendly units.');
INSERT INTO SUPERPOWER(ID_SUPERPOWER, NAME, DESCRIPTION) VALUES(36, 'Animate Dead (Ultimate)', 'Raises 6 dead units in an area to fight for the Death Knight. Animated units are invulnerable.');
INSERT INTO SUPERPOWER(ID_SUPERPOWER, NAME, DESCRIPTION) VALUES(37, 'Carrion Swarm', 'Sends a horde of bats to damage enemies.');
INSERT INTO SUPERPOWER(ID_SUPERPOWER, NAME, DESCRIPTION) VALUES(38, 'Sleep', 'Puts a target enemy unit to sleep. A sleeping unit can be awoken by attacking it.');
INSERT INTO SUPERPOWER(ID_SUPERPOWER, NAME, DESCRIPTION) VALUES(39, 'Vampiric Aura', 'Nearby friendly melee units gain hit points when they hit a unit.');
INSERT INTO SUPERPOWER(ID_SUPERPOWER, NAME, DESCRIPTION) VALUES(40, 'Inferno (Ultimate)', 'Calls an Infernal down from the sky, dealing 50 damage and stunning enemy land units for 4 seconds in an area. The Infernal lasts 180 seconds.');
INSERT INTO SUPERPOWER(ID_SUPERPOWER, NAME, DESCRIPTION) VALUES(41, 'Frost Nova', 'Blasts enemy units around a target enemy unit with a wave of damaging frost that slows movement and attack rate.');
INSERT INTO SUPERPOWER(ID_SUPERPOWER, NAME, DESCRIPTION) VALUES(42, 'Frost Armor (Auto Cast)', 'Creates a shield of frost around a target friendly unit. The shield adds armor and slows melee units that attack it.');
INSERT INTO SUPERPOWER(ID_SUPERPOWER, NAME, DESCRIPTION) VALUES(43, 'Dark Ritual', 'Sacrifices a target friendly unit to convert its hit points into mana for the Lich.');
INSERT INTO SUPERPOWER(ID_SUPERPOWER, NAME, DESCRIPTION) VALUES(44, 'Death and Decay (Ultimate)', 'Damages everything in its area of effect by 4% of its base hit points per second.');
INSERT INTO SUPERPOWER(ID_SUPERPOWER, NAME, DESCRIPTION) VALUES(45, 'Impale', 'Slams the ground with the Crypt Lord''s massive claws, shooting spiked tendrils out in a straight line, dealing damage and hurling enemy ground units into the air in their wake.');
INSERT INTO SUPERPOWER(ID_SUPERPOWER, NAME, DESCRIPTION) VALUES(46, 'Spiked Carapace (Passive)', 'The Crypt Lord forms barbed layers of chitinous armor that increases its defense and returns damage to enemy melee attackers.');
INSERT INTO SUPERPOWER(ID_SUPERPOWER, NAME, DESCRIPTION) VALUES(47, 'Carrion Beetles (Autocast)', 'The Crypt Lord progenerates 1 Carrion Beetle from a target corpse to attack the Crypt Lord''s enemies. Beetles are permanent but only 5 can be controlled at a time.');
INSERT INTO SUPERPOWER(ID_SUPERPOWER, NAME, DESCRIPTION) VALUES(48, 'Locust Swarm (Ultimate)', 'Creates a swarm of angry locusts that bite and tear at nearby enemy units. As they chew the enemy flesh, they convert it into a substance that restores hit points to the Crypt Lord when they return.');

INSERT INTO HERO_SUPERPOWER(ID_HERO, ID_SUPERPOWER) VALUES(1, 1);
INSERT INTO HERO_SUPERPOWER(ID_HERO, ID_SUPERPOWER) VALUES(1, 2);
INSERT INTO HERO_SUPERPOWER(ID_HERO, ID_SUPERPOWER) VALUES(1, 3);
INSERT INTO HERO_SUPERPOWER(ID_HERO, ID_SUPERPOWER) VALUES(1, 4);
INSERT INTO HERO_SUPERPOWER(ID_HERO, ID_SUPERPOWER) VALUES(2, 5);
INSERT INTO HERO_SUPERPOWER(ID_HERO, ID_SUPERPOWER) VALUES(2, 6);
INSERT INTO HERO_SUPERPOWER(ID_HERO, ID_SUPERPOWER) VALUES(2, 7);
INSERT INTO HERO_SUPERPOWER(ID_HERO, ID_SUPERPOWER) VALUES(2, 8);
INSERT INTO HERO_SUPERPOWER(ID_HERO, ID_SUPERPOWER) VALUES(3, 9);
INSERT INTO HERO_SUPERPOWER(ID_HERO, ID_SUPERPOWER) VALUES(3, 10);
INSERT INTO HERO_SUPERPOWER(ID_HERO, ID_SUPERPOWER) VALUES(3, 11);
INSERT INTO HERO_SUPERPOWER(ID_HERO, ID_SUPERPOWER) VALUES(3, 12);
INSERT INTO HERO_SUPERPOWER(ID_HERO, ID_SUPERPOWER) VALUES(4, 13);
INSERT INTO HERO_SUPERPOWER(ID_HERO, ID_SUPERPOWER) VALUES(4, 14);
INSERT INTO HERO_SUPERPOWER(ID_HERO, ID_SUPERPOWER) VALUES(4, 15);
INSERT INTO HERO_SUPERPOWER(ID_HERO, ID_SUPERPOWER) VALUES(4, 16);
INSERT INTO HERO_SUPERPOWER(ID_HERO, ID_SUPERPOWER) VALUES(5, 17);
INSERT INTO HERO_SUPERPOWER(ID_HERO, ID_SUPERPOWER) VALUES(5, 18);
INSERT INTO HERO_SUPERPOWER(ID_HERO, ID_SUPERPOWER) VALUES(5, 19);
INSERT INTO HERO_SUPERPOWER(ID_HERO, ID_SUPERPOWER) VALUES(5, 20);
INSERT INTO HERO_SUPERPOWER(ID_HERO, ID_SUPERPOWER) VALUES(6, 21);
INSERT INTO HERO_SUPERPOWER(ID_HERO, ID_SUPERPOWER) VALUES(6, 22);
INSERT INTO HERO_SUPERPOWER(ID_HERO, ID_SUPERPOWER) VALUES(6, 23);
INSERT INTO HERO_SUPERPOWER(ID_HERO, ID_SUPERPOWER) VALUES(6, 24);
INSERT INTO HERO_SUPERPOWER(ID_HERO, ID_SUPERPOWER) VALUES(7, 25);
INSERT INTO HERO_SUPERPOWER(ID_HERO, ID_SUPERPOWER) VALUES(7, 26);
INSERT INTO HERO_SUPERPOWER(ID_HERO, ID_SUPERPOWER) VALUES(7, 27);
INSERT INTO HERO_SUPERPOWER(ID_HERO, ID_SUPERPOWER) VALUES(7, 28);
INSERT INTO HERO_SUPERPOWER(ID_HERO, ID_SUPERPOWER) VALUES(8, 29);
INSERT INTO HERO_SUPERPOWER(ID_HERO, ID_SUPERPOWER) VALUES(8, 30);
INSERT INTO HERO_SUPERPOWER(ID_HERO, ID_SUPERPOWER) VALUES(8, 31);
INSERT INTO HERO_SUPERPOWER(ID_HERO, ID_SUPERPOWER) VALUES(8, 32);
INSERT INTO HERO_SUPERPOWER(ID_HERO, ID_SUPERPOWER) VALUES(9, 33);
INSERT INTO HERO_SUPERPOWER(ID_HERO, ID_SUPERPOWER) VALUES(9, 34);
INSERT INTO HERO_SUPERPOWER(ID_HERO, ID_SUPERPOWER) VALUES(9, 35);
INSERT INTO HERO_SUPERPOWER(ID_HERO, ID_SUPERPOWER) VALUES(9, 36);
INSERT INTO HERO_SUPERPOWER(ID_HERO, ID_SUPERPOWER) VALUES(10, 37);
INSERT INTO HERO_SUPERPOWER(ID_HERO, ID_SUPERPOWER) VALUES(10, 38);
INSERT INTO HERO_SUPERPOWER(ID_HERO, ID_SUPERPOWER) VALUES(10, 39);
INSERT INTO HERO_SUPERPOWER(ID_HERO, ID_SUPERPOWER) VALUES(10, 40);
INSERT INTO HERO_SUPERPOWER(ID_HERO, ID_SUPERPOWER) VALUES(11, 41);
INSERT INTO HERO_SUPERPOWER(ID_HERO, ID_SUPERPOWER) VALUES(11, 42);
INSERT INTO HERO_SUPERPOWER(ID_HERO, ID_SUPERPOWER) VALUES(11, 43);
INSERT INTO HERO_SUPERPOWER(ID_HERO, ID_SUPERPOWER) VALUES(11, 44);
INSERT INTO HERO_SUPERPOWER(ID_HERO, ID_SUPERPOWER) VALUES(12, 45);
INSERT INTO HERO_SUPERPOWER(ID_HERO, ID_SUPERPOWER) VALUES(12, 46);
INSERT INTO HERO_SUPERPOWER(ID_HERO, ID_SUPERPOWER) VALUES(12, 47);
INSERT INTO HERO_SUPERPOWER(ID_HERO, ID_SUPERPOWER) VALUES(12, 48);